[
  {
    "timestamp": "2025-06-04T11:50:04.385452",
    "category": "voice_events",
    "guild_id": 1370623292142256188,
    "channel_id": null,
    "author_id": 1372468860435042344,
    "embed_data": {
      "footer": {
        "text": "User ID: 1372468860435042344"
      },
      "author": {
        "name": "Strelizia",
        "icon_url": "https://cdn.discordapp.com/avatars/1372468860435042344/e0ea2108979214535a6b203165a80c02.png?size=1024"
      },
      "fields": [
        {
          "inline": true,
          "name": "User",
          "value": "<@1372468860435042344>"
        },
        {
          "inline": true,
          "name": "Action",
          "value": "Left voice"
        },
        {
          "inline": true,
          "name": "Channel",
          "value": "<#1370797549568659588>"
        }
      ],
      "flags": 0,
      "color": 0,
      "timestamp": "2025-06-04T11:50:04.267062+00:00",
      "type": "rich",
      "title": "Voice State Changed"
    },
    "message_id": 1379789299930759188
  }
]