[
  {
    "timestamp": "2025-06-03T04:12:19.554863",
    "category": "member_moderation",
    "guild_id": 1378649614424477786,
    "channel_id": null,
    "author_id": 1352530868878442549,
    "embed_data": {
      "footer": {
        "text": "User ID: 1352530868878442549"
      },
      "author": {
        "name": "Rex",
        "icon_url": "https://cdn.discordapp.com/avatars/1352530868878442549/585d19a4ed6fb5c015069fe57644f137.png?size=1024"
      },
      "fields": [
        {
          "inline": true,
          "name": "User",
          "value": "<@1352530868878442549>"
        },
        {
          "inline": false,
          "name": "Roles Added",
          "value": "<@&1378705035378294824>"
        }
      ],
      "flags": 0,
      "color": 0,
      "timestamp": "2025-06-03T04:12:19.265542+00:00",
      "type": "rich",
      "title": "Member Roles Updated"
    },
    "message_id": 1379311715564650598
  }
]