[
  {
    "timestamp": "2025-06-02T19:41:48.589712",
    "category": "member_moderation",
    "guild_id": 1378649614424477786,
    "channel_id": null,
    "author_id": 1233568228438179922,
    "embed_data": {
      "footer": {
        "text": "User ID: 1233568228438179922"
      },
      "author": {
        "name": "MyZORO",
        "icon_url": "https://cdn.discordapp.com/avatars/1233568228438179922/131403e7518365014d517ac22db5a29c.png?size=1024"
      },
      "fields": [
        {
          "inline": true,
          "name": "User",
          "value": "<@1233568228438179922>"
        },
        {
          "inline": false,
          "name": "Roles Added",
          "value": "<@&1378705035378294824>"
        }
      ],
      "flags": 0,
      "color": 0,
      "timestamp": "2025-06-02T19:41:48.381644+00:00",
      "type": "rich",
      "title": "Member Roles Updated"
    },
    "message_id": 1379183240497070291
  }
]