[
  {
    "timestamp": "2025-06-02T19:41:48.385197",
    "category": "join_leave_events",
    "guild_id": 1378649614424477786,
    "channel_id": null,
    "author_id": 1233568228438179922,
    "embed_data": {
      "footer": {
        "text": "User ID: 1233568228438179922"
      },
      "thumbnail": {
        "url": "https://cdn.discordapp.com/avatars/1233568228438179922/131403e7518365014d517ac22db5a29c.png?size=1024"
      },
      "author": {
        "name": "MyZORO",
        "icon_url": "https://cdn.discordapp.com/avatars/1233568228438179922/131403e7518365014d517ac22db5a29c.png?size=1024"
      },
      "fields": [
        {
          "inline": true,
          "name": "User",
          "value": "<@1233568228438179922>"
        },
        {
          "inline": true,
          "name": "Account Created",
          "value": "<t:1714175984:R>"
        },
        {
          "inline": true,
          "name": "Member Count",
          "value": "30"
        }
      ],
      "flags": 0,
      "color": 0,
      "timestamp": "2025-06-02T19:41:48.195437+00:00",
      "type": "rich",
      "title": "Member Joined"
    },
    "message_id": 1379183239641563296
  }
]