[
  {
    "timestamp": "2025-06-03T09:18:32.833371",
    "category": "channel_events",
    "guild_id": 1378649614424477786,
    "channel_id": 1379218855792087200,
    "author_id": null,
    "embed_data": {
      "footer": {
        "text": "Channel ID: 1379218855792087200"
      },
      "fields": [
        {
          "inline": true,
          "name": "Channel",
          "value": "#ticket-nishi12112-\u2728-general-support"
        },
        {
          "inline": true,
          "name": "Type",
          "value": "Text"
        },
        {
          "inline": true,
          "name": "Category",
          "value": "\u5f61  ---\u2726 TICKETS \u2726----"
        },
        {
          "inline": true,
          "name": "Deleted by",
          "value": "<@1372468860435042344>"
        }
      ],
      "flags": 0,
      "color": 0,
      "timestamp": "2025-06-03T09:18:32.470945+00:00",
      "type": "rich",
      "title": "Channel Deleted"
    },
    "message_id": 1379388778904420476
  }
]