[
  {
    "timestamp": "2025-06-04T01:10:23.851494",
    "category": "channel_events",
    "guild_id": 1378649614424477786,
    "channel_id": 1379517112514777159,
    "author_id": null,
    "embed_data": {
      "footer": {
        "text": "Channel ID: 1379517112514777159"
      },
      "fields": [
        {
          "inline": true,
          "name": "Channel",
          "value": "#ticket-mrhelp_host-\u2728-general-support"
        },
        {
          "inline": true,
          "name": "Type",
          "value": "Text"
        },
        {
          "inline": true,
          "name": "Category",
          "value": "\u5f61  ---\u2726 TICKETS \u2726----"
        },
        {
          "inline": true,
          "name": "Deleted by",
          "value": "<@1372468860435042344>"
        }
      ],
      "flags": 0,
      "color": 0,
      "timestamp": "2025-06-04T01:10:23.262386+00:00",
      "type": "rich",
      "title": "Channel Deleted"
    },
    "message_id": 1379628319875661934
  }
]