[
  {
    "timestamp": "2025-08-21T07:02:21.258333",
    "category": "member_moderation",
    "guild_id": 1393275148664180866,
    "channel_id": null,
    "author_id": 1068848123662839808,
    "embed_data": {
      "footer": {
        "text": "User ID: 1068848123662839808"
      },
      "author": {
        "name": "AnayPlayz95",
        "icon_url": "https://cdn.discordapp.com/avatars/1068848123662839808/a6f4e3392e36799fd8b2c2bfa9b9da2d.png?size=1024"
      },
      "fields": [
        {
          "inline": true,
          "name": "User",
          "value": "<@1068848123662839808>"
        },
        {
          "inline": false,
          "name": "Roles Added",
          "value": "<@&1404315289855852597>"
        }
      ],
      "flags": 0,
      "color": 0,
      "timestamp": "2025-08-21T07:02:21.120277+00:00",
      "type": "rich",
      "title": "Member Roles Updated"
    },
    "message_id": 1407983146582016000
  }
]