[
  {
    "timestamp": "2025-08-11T07:52:13.489692",
    "category": "member_moderation",
    "guild_id": 1393275148664180866,
    "channel_id": null,
    "author_id": 1404363702651715644,
    "embed_data": {
      "footer": {
        "text": "User ID: 1404363702651715644"
      },
      "author": {
        "name": "Richkid",
        "icon_url": "https://cdn.discordapp.com/embed/avatars/4.png"
      },
      "fields": [
        {
          "inline": true,
          "name": "User",
          "value": "<@1404363702651715644>"
        },
        {
          "inline": false,
          "name": "Roles Added",
          "value": "<@&1404315286190030868>"
        }
      ],
      "flags": 0,
      "color": 0,
      "timestamp": "2025-08-11T07:52:13.388485+00:00",
      "type": "rich",
      "title": "Member Roles Updated"
    },
    "message_id": 1404371818315513896
  }
]