[
  {
    "timestamp": "2025-08-23T16:30:16.099212",
    "category": "member_moderation",
    "guild_id": 1393275148664180866,
    "channel_id": null,
    "author_id": 986278764277284955,
    "embed_data": {
      "footer": {
        "text": "User ID: 986278764277284955"
      },
      "author": {
        "name": "KopterHUN",
        "icon_url": "https://cdn.discordapp.com/avatars/986278764277284955/dde1edad2777d23230e521b8479fb00f.png?size=1024"
      },
      "fields": [
        {
          "inline": true,
          "name": "User",
          "value": "<@986278764277284955>"
        },
        {
          "inline": false,
          "name": "Roles Removed",
          "value": "<@&1395919938430177312>"
        }
      ],
      "flags": 0,
      "color": 0,
      "timestamp": "2025-08-23T16:30:15.958301+00:00",
      "type": "rich",
      "title": "Member Roles Updated"
    },
    "message_id": 1408850842303594528
  }
]