[
  {
    "timestamp": "2025-08-20T02:13:16.599443",
    "category": "member_moderation",
    "guild_id": 1393275148664180866,
    "channel_id": null,
    "author_id": 1358275190156562532,
    "embed_data": {
      "footer": {
        "text": "User ID: 1358275190156562532"
      },
      "author": {
        "name": "! ElitePlayZ",
        "icon_url": "https://cdn.discordapp.com/avatars/1358275190156562532/771e45572f33b7f0aac23cfe8b933804.png?size=1024"
      },
      "fields": [
        {
          "inline": true,
          "name": "User",
          "value": "<@1358275190156562532>"
        },
        {
          "inline": false,
          "name": "Roles Added",
          "value": "<@&1404315286190030868>"
        }
      ],
      "flags": 0,
      "color": 0,
      "timestamp": "2025-08-20T02:13:16.490466+00:00",
      "type": "rich",
      "title": "Member Roles Updated"
    },
    "message_id": 1407548009792934021
  }
]