[
  {
    "timestamp": "2025-08-26T05:43:14.802503",
    "category": "member_moderation",
    "guild_id": 1393275148664180866,
    "channel_id": null,
    "author_id": 1150696651640537088,
    "embed_data": {
      "footer": {
        "text": "User ID: 1150696651640537088"
      },
      "author": {
        "name": "THE END",
        "icon_url": "https://cdn.discordapp.com/avatars/1150696651640537088/0792d941326e05a78a18af302c7a54da.png?size=1024"
      },
      "fields": [
        {
          "inline": true,
          "name": "User",
          "value": "<@1150696651640537088>"
        },
        {
          "inline": false,
          "name": "Roles Added",
          "value": "<@&1404315286190030868>"
        }
      ],
      "flags": 0,
      "color": 0,
      "timestamp": "2025-08-26T05:43:14.471798+00:00",
      "type": "rich",
      "title": "Member Roles Updated"
    },
    "message_id": 1409775177071333408
  }
]