[
  {
    "timestamp": "2025-08-25T07:53:08.065855",
    "category": "member_moderation",
    "guild_id": 1393275148664180866,
    "channel_id": null,
    "author_id": 1068848123662839808,
    "embed_data": {
      "footer": {
        "text": "User ID: 1068848123662839808"
      },
      "thumbnail": {
        "url": "https://cdn.discordapp.com/avatars/1068848123662839808/a6f4e3392e36799fd8b2c2bfa9b9da2d.png?size=1024"
      },
      "author": {
        "name": "RT-NODES",
        "icon_url": "https://cdn.discordapp.com/avatars/1068848123662839808/a6f4e3392e36799fd8b2c2bfa9b9da2d.png?size=1024"
      },
      "fields": [
        {
          "inline": true,
          "name": "User",
          "value": "<@1068848123662839808> (anay777)"
        }
      ],
      "flags": 0,
      "color": 0,
      "timestamp": "2025-08-25T07:53:07.681201+00:00",
      "type": "rich",
      "title": "Member Banned"
    },
    "message_id": 1409445477166092441
  }
]