[
  {
    "timestamp": "2025-08-24T01:33:10.441854",
    "category": "member_moderation",
    "guild_id": 1393275148664180866,
    "channel_id": null,
    "author_id": 1336697260167270401,
    "embed_data": {
      "footer": {
        "text": "User ID: 1336697260167270401"
      },
      "author": {
        "name": "Bullu",
        "icon_url": "https://cdn.discordapp.com/avatars/1336697260167270401/60c230a7fcd3ad04f91691140a651f6e.png?size=1024"
      },
      "fields": [
        {
          "inline": true,
          "name": "User",
          "value": "<@1336697260167270401>"
        },
        {
          "inline": false,
          "name": "Roles Removed",
          "value": "<@&1395919938430177312>"
        }
      ],
      "flags": 0,
      "color": 0,
      "timestamp": "2025-08-24T01:33:10.281666+00:00",
      "type": "rich",
      "title": "Member Roles Updated"
    },
    "message_id": 1408987469155667988
  }
]