[
  {
    "timestamp": "2025-08-17T00:57:39.025858",
    "category": "member_moderation",
    "guild_id": 1393275148664180866,
    "channel_id": null,
    "author_id": 1159415309128708116,
    "embed_data": {
      "footer": {
        "text": "User ID: 1159415309128708116"
      },
      "author": {
        "name": "\ud835\udde1\ud835\uddfc\ud835\ude03\ud835\uddee\ud835\uddda\ud835\uddee\ud835\uddfa\ud835\uddf2\ud835\uddff",
        "icon_url": "https://cdn.discordapp.com/avatars/1159415309128708116/5727b95d9c0ae69988b8d22ac0e36290.png?size=1024"
      },
      "fields": [
        {
          "inline": true,
          "name": "User",
          "value": "<@1159415309128708116>"
        },
        {
          "inline": false,
          "name": "Roles Added",
          "value": "<@&1404315286190030868>"
        }
      ],
      "flags": 0,
      "color": 0,
      "timestamp": "2025-08-17T00:57:38.839166+00:00",
      "type": "rich",
      "title": "Member Roles Updated"
    },
    "message_id": 1406441814118105178
  }
]