[
  {
    "timestamp": "2025-08-14T11:01:21.252283",
    "category": "member_moderation",
    "guild_id": 1393275148664180866,
    "channel_id": null,
    "author_id": 235148962103951360,
    "embed_data": {
      "footer": {
        "text": "User ID: 235148962103951360"
      },
      "author": {
        "name": "Carl-bot",
        "icon_url": "https://cdn.discordapp.com/avatars/235148962103951360/ed3dac3b6e7a851df781632a4295fcb9.png?size=1024"
      },
      "fields": [
        {
          "inline": true,
          "name": "User",
          "value": "<@235148962103951360>"
        },
        {
          "inline": false,
          "name": "Roles Added",
          "value": "<@&1393275578144264202>"
        }
      ],
      "flags": 0,
      "color": 0,
      "timestamp": "2025-08-14T11:01:21.117870+00:00",
      "type": "rich",
      "title": "Member Roles Updated"
    },
    "message_id": 1405506577859088504
  }
]