[
  {
    "timestamp": "2025-08-18T12:08:59.425023",
    "category": "member_moderation",
    "guild_id": 1393275148664180866,
    "channel_id": null,
    "author_id": 1039510855064236093,
    "embed_data": {
      "footer": {
        "text": "User ID: 1039510855064236093"
      },
      "thumbnail": {
        "url": "https://cdn.discordapp.com/avatars/1039510855064236093/632071e6c79df87defc2ebd61aeca2bb.png?size=1024"
      },
      "author": {
        "name": "\u2618xspidero\u2022",
        "icon_url": "https://cdn.discordapp.com/avatars/1039510855064236093/632071e6c79df87defc2ebd61aeca2bb.png?size=1024"
      },
      "fields": [
        {
          "inline": true,
          "name": "User",
          "value": "<@1039510855064236093> (xspidero)"
        },
        {
          "inline": true,
          "name": "Banned by",
          "value": "<@1387495824195321938>"
        },
        {
          "inline": false,
          "name": "Reason",
          "value": "Ban requested by rootmeow1 for reason: 1min instant banned"
        }
      ],
      "flags": 0,
      "color": 0,
      "timestamp": "2025-08-18T12:08:59.067718+00:00",
      "type": "rich",
      "title": "Member Banned"
    },
    "message_id": 1406973150524346449
  }
]