[
  {
    "timestamp": "2025-08-16T07:26:47.590479",
    "category": "member_moderation",
    "guild_id": 1393275148664180866,
    "channel_id": null,
    "author_id": 1391839519103389806,
    "embed_data": {
      "footer": {
        "text": "User ID: 1391839519103389806"
      },
      "author": {
        "name": "bot1391839519103389806",
        "icon_url": "https://cdn.discordapp.com/embed/avatars/2.png"
      },
      "fields": [
        {
          "inline": true,
          "name": "User",
          "value": "<@1391839519103389806>"
        },
        {
          "inline": false,
          "name": "Roles Added",
          "value": "<@&1404315294163271726>"
        }
      ],
      "flags": 0,
      "color": 0,
      "timestamp": "2025-08-16T07:26:43.328187+00:00",
      "type": "rich",
      "title": "Member Roles Updated"
    },
    "message_id": 1406177341801107567
  }
]