[
  {
    "timestamp": "2025-08-28T03:45:55.841833",
    "category": "join_leave_events",
    "guild_id": 1405588951565336606,
    "channel_id": null,
    "author_id": 1395280923309772904,
    "embed_data": {
      "footer": {
        "text": "User ID: 1395280923309772904"
      },
      "thumbnail": {
        "url": "https://cdn.discordapp.com/avatars/1395280923309772904/1a340497d802a506fdf2a13160b7cc62.png?size=1024"
      },
      "author": {
        "name": "\u1d0d\u1d22\u1d20\u026a\u1d0b\u1d00s\ud835\udff7\ud835\udff7",
        "icon_url": "https://cdn.discordapp.com/avatars/1395280923309772904/1a340497d802a506fdf2a13160b7cc62.png?size=1024"
      },
      "fields": [
        {
          "inline": true,
          "name": "User",
          "value": "<@1395280923309772904> (mzvikas13)"
        },
        {
          "inline": true,
          "name": "Joined",
          "value": "<t:1755432558:R>"
        },
        {
          "inline": true,
          "name": "Member Count",
          "value": "134"
        }
      ],
      "flags": 0,
      "color": 0,
      "timestamp": "2025-08-28T03:45:55.729317+00:00",
      "type": "rich",
      "title": "Member Left"
    },
    "message_id": 1410470430032138341
  }
]