[
  {
    "timestamp": "2025-08-20T03:51:33.414511",
    "category": "member_moderation",
    "guild_id": 1405588951565336606,
    "channel_id": null,
    "author_id": 1194589159118078082,
    "embed_data": {
      "footer": {
        "text": "User ID: 1194589159118078082"
      },
      "author": {
        "name": "Vasu",
        "icon_url": "https://cdn.discordapp.com/avatars/1194589159118078082/5445ffd7ffb201a98393cbdf684ea4b1.png?size=1024"
      },
      "fields": [
        {
          "inline": true,
          "name": "User",
          "value": "<@1194589159118078082>"
        },
        {
          "inline": false,
          "name": "Roles Added",
          "value": "<@&1406624107637768263>"
        }
      ],
      "flags": 0,
      "color": 0,
      "timestamp": "2025-08-20T03:51:33.238604+00:00",
      "type": "rich",
      "title": "Member Roles Updated"
    },
    "message_id": 1407572742576017491
  }
]