[
  {
    "timestamp": "2025-08-16T00:09:31.935489",
    "category": "join_leave_events",
    "guild_id": 1405588951565336606,
    "channel_id": null,
    "author_id": 1360870842510213280,
    "embed_data": {
      "footer": {
        "text": "User ID: 1360870842510213280"
      },
      "thumbnail": {
        "url": "https://cdn.discordapp.com/avatars/1360870842510213280/30d6c550eaa6d29299f7bff06e39fe60.png?size=1024"
      },
      "author": {
        "name": "!           \ud835\udc13\ud835\udc21\ud835\udc1e\ud835\udc15\ud835\udc22\ud835\udc25\ud835\udc25\ud835\udc1a\ud835\udc22\ud835\udc27",
        "icon_url": "https://cdn.discordapp.com/avatars/1360870842510213280/30d6c550eaa6d29299f7bff06e39fe60.png?size=1024"
      },
      "fields": [
        {
          "inline": true,
          "name": "User",
          "value": "<@1360870842510213280>"
        },
        {
          "inline": true,
          "name": "Account Created",
          "value": "<t:1744527292:R>"
        },
        {
          "inline": true,
          "name": "Member Count",
          "value": "15"
        }
      ],
      "flags": 0,
      "color": 0,
      "timestamp": "2025-08-16T00:09:31.777479+00:00",
      "type": "rich",
      "title": "Member Joined"
    },
    "message_id": 1406067317074559097
  }
]