[
  {
    "timestamp": "2025-08-24T06:36:28.144078",
    "category": "member_moderation",
    "guild_id": 1405588951565336606,
    "channel_id": null,
    "author_id": 1021157600097751070,
    "embed_data": {
      "footer": {
        "text": "User ID: 1021157600097751070"
      },
      "author": {
        "name": "Am\u00ef N\u00ea",
        "icon_url": "https://cdn.discordapp.com/avatars/1021157600097751070/a1a6cdac91ab3dad323830418f98af4d.png?size=1024"
      },
      "fields": [
        {
          "inline": true,
          "name": "User",
          "value": "<@1021157600097751070>"
        },
        {
          "inline": false,
          "name": "Roles Added",
          "value": "<@&1406624107637768263>"
        }
      ],
      "flags": 0,
      "color": 0,
      "timestamp": "2025-08-24T06:36:27.403700+00:00",
      "type": "rich",
      "title": "Member Roles Updated"
    },
    "message_id": 1409063793958584360
  }
]