[
  {
    "timestamp": "2025-08-15T18:22:23.534533",
    "category": "join_leave_events",
    "guild_id": 1405588951565336606,
    "channel_id": null,
    "author_id": 1142993534740349022,
    "embed_data": {
      "footer": {
        "text": "User ID: 1142993534740349022"
      },
      "thumbnail": {
        "url": "https://cdn.discordapp.com/avatars/1142993534740349022/b690343bf0d22262a1af70b6763ef9d2.png?size=1024"
      },
      "author": {
        "name": "NitriK!",
        "icon_url": "https://cdn.discordapp.com/avatars/1142993534740349022/b690343bf0d22262a1af70b6763ef9d2.png?size=1024"
      },
      "fields": [
        {
          "inline": true,
          "name": "User",
          "value": "<@1142993534740349022>"
        },
        {
          "inline": true,
          "name": "Account Created",
          "value": "<t:1692581294:R>"
        },
        {
          "inline": true,
          "name": "Member Count",
          "value": "7"
        }
      ],
      "flags": 0,
      "color": 0,
      "timestamp": "2025-08-15T18:22:23.316816+00:00",
      "type": "rich",
      "title": "Member Joined"
    },
    "message_id": 1405979955938066598
  }
]