[
  {
    "timestamp": "2025-08-18T00:38:21.461216",
    "category": "join_leave_events",
    "guild_id": 1405588951565336606,
    "channel_id": null,
    "author_id": 1170565672212910111,
    "embed_data": {
      "footer": {
        "text": "User ID: 1170565672212910111"
      },
      "thumbnail": {
        "url": "https://cdn.discordapp.com/avatars/1170565672212910111/bbc84a367737375f91e3d7eaf9f9df2c.png?size=1024"
      },
      "author": {
        "name": "\u4e48  \u262f!N\u1d0f\u1d1b  \u2718 H\u026a\u1d0d\u1d0d\u026aB\u1d0f\u028f\u028f_YT\u53cb",
        "icon_url": "https://cdn.discordapp.com/avatars/1170565672212910111/bbc84a367737375f91e3d7eaf9f9df2c.png?size=1024"
      },
      "fields": [
        {
          "inline": true,
          "name": "User",
          "value": "<@1170565672212910111>"
        },
        {
          "inline": true,
          "name": "Account Created",
          "value": "<t:1699155004:R>"
        },
        {
          "inline": true,
          "name": "Member Count",
          "value": "119"
        }
      ],
      "flags": 0,
      "color": 0,
      "timestamp": "2025-08-18T00:38:21.210317+00:00",
      "type": "rich",
      "title": "Member Joined"
    },
    "message_id": 1406799346690949160
  }
]