[
  {
    "timestamp": "2025-08-26T13:34:47.104436",
    "category": "member_moderation",
    "guild_id": 1405588951565336606,
    "channel_id": null,
    "author_id": 1266652586728099942,
    "embed_data": {
      "footer": {
        "text": "User ID: 1266652586728099942"
      },
      "author": {
        "name": "Mr_Rolex_XD",
        "icon_url": "https://cdn.discordapp.com/avatars/1266652586728099942/6855907fb1482a79d3c1a2145c1ab476.png?size=1024"
      },
      "fields": [
        {
          "inline": true,
          "name": "User",
          "value": "<@1266652586728099942>"
        },
        {
          "inline": false,
          "name": "Roles Added",
          "value": "<@&1406624107637768263>"
        }
      ],
      "flags": 0,
      "color": 0,
      "timestamp": "2025-08-26T13:34:46.945038+00:00",
      "type": "rich",
      "title": "Member Roles Updated"
    },
    "message_id": 1409893843905806347
  }
]