[
  {
    "timestamp": "2025-08-18T01:44:25.175199",
    "category": "member_moderation",
    "guild_id": 1405588951565336606,
    "channel_id": null,
    "author_id": 1079680643748872254,
    "embed_data": {
      "footer": {
        "text": "User ID: 1079680643748872254"
      },
      "author": {
        "name": "Donutt",
        "icon_url": "https://cdn.discordapp.com/avatars/1079680643748872254/a_38f0f67f8a68198a194c042ec5b8b6f5.gif?size=1024"
      },
      "fields": [
        {
          "inline": true,
          "name": "User",
          "value": "<@1079680643748872254>"
        },
        {
          "inline": false,
          "name": "Roles Added",
          "value": "<@&1406624107637768263>"
        }
      ],
      "flags": 0,
      "color": 0,
      "timestamp": "2025-08-18T01:44:25.058345+00:00",
      "type": "rich",
      "title": "Member Roles Updated"
    },
    "message_id": 1406815972135796886
  }
]