[
  {
    "timestamp": "2025-08-19T01:02:45.468418",
    "category": "member_moderation",
    "guild_id": 1405588951565336606,
    "channel_id": null,
    "author_id": 1170565672212910111,
    "embed_data": {
      "footer": {
        "text": "User ID: 1170565672212910111"
      },
      "author": {
        "name": "\u4e48  \u262f!N\u1d0f\u1d1b  \u2718 H\u026a\u1d0d\u1d0d\u026aB\u1d0f\u028f\u028f_YT\u53cb",
        "icon_url": "https://cdn.discordapp.com/avatars/1170565672212910111/bbc84a367737375f91e3d7eaf9f9df2c.png?size=1024"
      },
      "fields": [
        {
          "inline": true,
          "name": "User",
          "value": "<@1170565672212910111>"
        },
        {
          "inline": false,
          "name": "Roles Added",
          "value": "<@&1406624107637768263>"
        }
      ],
      "flags": 0,
      "color": 0,
      "timestamp": "2025-08-19T01:02:45.292629+00:00",
      "type": "rich",
      "title": "Member Roles Updated"
    },
    "message_id": 1407167875189444660
  }
]