[
  {
    "timestamp": "2025-08-26T03:47:22.562740",
    "category": "join_leave_events",
    "guild_id": 1405588951565336606,
    "channel_id": null,
    "author_id": 1251208099348615319,
    "embed_data": {
      "footer": {
        "text": "User ID: 1251208099348615319"
      },
      "thumbnail": {
        "url": "https://cdn.discordapp.com/avatars/1251208099348615319/3cfe8543e1c5d19fe8021d579dece810.png?size=1024"
      },
      "author": {
        "name": "\ud835\udccd\ud835\udce1\ud835\udcee\ud835\udced\ud835\udcee\ud835\udcff\ud835\udcf2\ud835\udcf535",
        "icon_url": "https://cdn.discordapp.com/avatars/1251208099348615319/3cfe8543e1c5d19fe8021d579dece810.png?size=1024"
      },
      "fields": [
        {
          "inline": true,
          "name": "User",
          "value": "<@1251208099348615319>"
        },
        {
          "inline": true,
          "name": "Account Created",
          "value": "<t:1718381657:R>"
        },
        {
          "inline": true,
          "name": "Member Count",
          "value": "135"
        }
      ],
      "flags": 0,
      "color": 0,
      "timestamp": "2025-08-26T03:47:22.347943+00:00",
      "type": "rich",
      "title": "Member Joined"
    },
    "message_id": 1409746017544573062
  }
]