[
  {
    "timestamp": "2025-08-21T09:11:39.938329",
    "category": "member_moderation",
    "guild_id": 1405588951565336606,
    "channel_id": null,
    "author_id": 1052557889342033950,
    "embed_data": {
      "footer": {
        "text": "User ID: 1052557889342033950"
      },
      "author": {
        "name": "kotone_suki",
        "icon_url": "https://cdn.discordapp.com/avatars/1052557889342033950/b8050b24c457889f7550bae95aed2113.png?size=1024"
      },
      "fields": [
        {
          "inline": true,
          "name": "User",
          "value": "<@1052557889342033950>"
        },
        {
          "inline": false,
          "name": "Roles Added",
          "value": "<@&1406624107637768263>"
        }
      ],
      "flags": 0,
      "color": 0,
      "timestamp": "2025-08-21T09:11:39.780643+00:00",
      "type": "rich",
      "title": "Member Roles Updated"
    },
    "message_id": 1408015688441790476
  }
]