[
  {
    "timestamp": "2025-08-19T04:04:33.632192",
    "category": "join_leave_events",
    "guild_id": 1405588951565336606,
    "channel_id": null,
    "author_id": 1046424379891908688,
    "embed_data": {
      "footer": {
        "text": "User ID: 1046424379891908688"
      },
      "thumbnail": {
        "url": "https://cdn.discordapp.com/avatars/1046424379891908688/f266f88d8ef0cd337e5bc9bf27f94d5f.png?size=1024"
      },
      "author": {
        "name": "!                         ADiTYa",
        "icon_url": "https://cdn.discordapp.com/avatars/1046424379891908688/f266f88d8ef0cd337e5bc9bf27f94d5f.png?size=1024"
      },
      "fields": [
        {
          "inline": true,
          "name": "User",
          "value": "<@1046424379891908688>"
        },
        {
          "inline": true,
          "name": "Account Created",
          "value": "<t:1669557413:R>"
        },
        {
          "inline": true,
          "name": "Member Count",
          "value": "133"
        }
      ],
      "flags": 0,
      "color": 0,
      "timestamp": "2025-08-19T04:04:33.379004+00:00",
      "type": "rich",
      "title": "Member Joined"
    },
    "message_id": 1407213627215450205
  }
]