{
  "1372373817825169469": [
    {
      "user_id": 1124248109472550993,
      "answers": {
        "Baksk": "No",
        "skkskwoso": "Mo",
        "what'd ur slapodpd": "Mo",
        "allwpsls": "Mo",
        "jeiei": "No"
      },
      "status": "approved",
      "applied_at": "2025-06-09T05:38:11.439447",
      "reviewed_at": "2025-06-09T05:38:59.225867",
      "reviewed_by": 1124248109472550993
    }
  ],
  "1333711896146214923": [
    {
      "user_id": 427545494223323136,
      "answers": {
        "Name: [Your Name/Username]": "niks",
        "Age: [Your Age]": "24",
        "Gender: [Your Gender]": "m",
        "Country: [Your Country]": "india",
        "Hours active on Discord: [Your Hours]": "5-6 hr",
        "What will you do after becoming staff? [Your Plans]": "run server"
      },
      "status": "pending",
      "applied_at": "2025-07-13T11:01:07.300214",
      "reviewed_at": null,
      "reviewed_by": null
    }
  ],
  "1393275148664180866": [
    {
      "user_id": 875671806609084428,
      "answers": {
        "1 Discord Username (e.g., user#0001):\n\n2 User ID (optional):\n\n3 Age:\n\n4 Timezone:\n\n5 Country:\n\n6 How many hours can you moderate each day?\n\n7 Are you active during peak hours?\n\n8 What roles did you have (Mod, Admin, Support, etc.)?\n\n9 A user is spamming inappropriate content. What do you do?\n\n10 A member reports another for harassment. How would you handle it?\n\n11 Two staff members are arguing in staff chat. How do you respond?\n\n12 Why do you want to be a staff  member on this server?\n\n13 What do you bring to the team that others might not?\n\n14 Do you have a mic? Are you comfortable speaking in VC?\n\n15 Anything else you’d like us to know?": "Test"
      },
      "status": "pending",
      "applied_at": "2025-07-25T03:09:27.441243",
      "reviewed_at": null,
      "reviewed_by": null
    }
  ]
}