[
  {
    "timestamp": "2025-06-01T09:00:38.026421",
    "category": "message_events",
    "guild_id": 1370623292142256188,
    "channel_id": 1378652407440998401,
    "author_id": 1198187445859139595,
    "embed_data": {
      "footer": {
        "text": "User ID: 1198187445859139595 \u2022 Message ID: 1378659481327767552"
      },
      "author": {
        "name": "Hiro \u262a",
        "icon_url": "https://cdn.discordapp.com/avatars/1198187445859139595/576a2d2b3df78b8861a1d2d1e6260d95.png?size=1024"
      },
      "fields": [
        {
          "inline": false,
          "name": "Before",
          "value": "```haa```"
        },
        {
          "inline": false,
          "name": "After",
          "value": "```yess```"
        },
        {
          "inline": true,
          "name": "Channel",
          "value": "<#1378652407440998401>"
        },
        {
          "inline": true,
          "name": "User",
          "value": "<@1198187445859139595>"
        },
        {
          "inline": true,
          "name": "Jump to Message",
          "value": "[Click here](https://discord.com/channels/1370623292142256188/1378652407440998401/1378659481327767552)"
        }
      ],
      "flags": 0,
      "color": 0,
      "timestamp": "2025-06-01T09:00:37.764626+00:00",
      "type": "rich",
      "title": "Message Edited"
    },
    "message_id": 1378659495223230569
  }
]