[
  {
    "timestamp": "2025-06-02T13:19:05.722726",
    "category": "voice_events",
    "guild_id": 1370623292142256188,
    "channel_id": null,
    "author_id": 1122890382137634936,
    "embed_data": {
      "footer": {
        "text": "User ID: 1122890382137634936"
      },
      "author": {
        "name": "YUMI \u2744",
        "icon_url": "https://cdn.discordapp.com/avatars/1122890382137634936/1accd8ab86e3fbe94298026969c7c957.png?size=1024"
      },
      "fields": [
        {
          "inline": true,
          "name": "User",
          "value": "<@1122890382137634936>"
        },
        {
          "inline": true,
          "name": "Action",
          "value": "Joined voice"
        },
        {
          "inline": true,
          "name": "Channel",
          "value": "<#1370797549568659588>"
        }
      ],
      "flags": 0,
      "color": 0,
      "timestamp": "2025-06-02T13:19:05.486975+00:00",
      "type": "rich",
      "title": "Voice State Changed"
    },
    "message_id": 1379086926996574312
  }
]