[
  {
    "timestamp": "2025-05-30T08:28:25.436229",
    "category": "channel_events",
    "guild_id": 1370623292142256188,
    "channel_id": 1370623292142256193,
    "author_id": null,
    "embed_data": {
      "footer": {
        "text": "Channel ID: 1370623292142256193"
      },
      "fields": [
        {
          "inline": true,
          "name": "Channel",
          "value": "<#1370623292142256193>"
        },
        {
          "inline": false,
          "name": "Changes",
          "value": "Name: \u3022\u30fbIMPORTANT\u30fb\u3022 \u2192 \u3022\u30fbDASHBOARD\u30fb\u3022"
        },
        {
          "inline": true,
          "name": "Updated by",
          "value": "<@1198187445859139595>"
        }
      ],
      "flags": 0,
      "color": 0,
      "timestamp": "2025-05-30T08:28:25.089892+00:00",
      "type": "rich",
      "title": "Channel Updated"
    },
    "message_id": 1377926613521399849
  }
]