[
  {
    "timestamp": "2025-06-03T04:11:26.671574",
    "category": "join_leave_events",
    "guild_id": 1370623292142256188,
    "channel_id": null,
    "author_id": 1352530868878442549,
    "embed_data": {
      "footer": {
        "text": "User ID: 1352530868878442549"
      },
      "thumbnail": {
        "url": "https://cdn.discordapp.com/avatars/1352530868878442549/585d19a4ed6fb5c015069fe57644f137.png?size=1024"
      },
      "author": {
        "name": "Rex",
        "icon_url": "https://cdn.discordapp.com/avatars/1352530868878442549/585d19a4ed6fb5c015069fe57644f137.png?size=1024"
      },
      "fields": [
        {
          "inline": true,
          "name": "User",
          "value": "<@1352530868878442549>"
        },
        {
          "inline": true,
          "name": "Account Created",
          "value": "<t:1742538887:R>"
        },
        {
          "inline": true,
          "name": "Member Count",
          "value": "42"
        }
      ],
      "flags": 0,
      "color": 0,
      "timestamp": "2025-06-03T04:11:26.313965+00:00",
      "type": "rich",
      "title": "Member Joined"
    },
    "message_id": 1379311493157228556
  }
]