[
  {
    "timestamp": "2025-06-04T09:11:30.472517",
    "category": "member_moderation",
    "guild_id": 1373230288255189062,
    "channel_id": null,
    "author_id": 1372468860435042344,
    "embed_data": {
      "footer": {
        "text": "User ID: 1372468860435042344"
      },
      "author": {
        "name": "Strelizia",
        "icon_url": "https://cdn.discordapp.com/avatars/1372468860435042344/e0ea2108979214535a6b203165a80c02.png?size=1024"
      },
      "fields": [
        {
          "inline": true,
          "name": "User",
          "value": "<@1372468860435042344>"
        },
        {
          "inline": false,
          "name": "Roles Added",
          "value": "<@&1373231121441095770>, <@&1373606690200621146>, <@&1379679474861211669>"
        }
      ],
      "flags": 0,
      "color": 0,
      "timestamp": "2025-06-04T09:11:30.273235+00:00",
      "type": "rich",
      "title": "Member Roles Updated"
    },
    "message_id": 1379749395217780849
  }
]