[
  {
    "timestamp": "2025-06-02T19:40:03.376138",
    "category": "reaction_events",
    "guild_id": 1378649614424477786,
    "channel_id": 1378692604656619591,
    "author_id": 1198187445859139595,
    "embed_data": {
      "footer": {
        "text": "User ID: 1198187445859139595 \u2022 Message ID: 1379182771272155197"
      },
      "author": {
        "name": "Hiro \u262a",
        "icon_url": "https://cdn.discordapp.com/avatars/1198187445859139595/576a2d2b3df78b8861a1d2d1e6260d95.png?size=1024"
      },
      "fields": [
        {
          "inline": true,
          "name": "User",
          "value": "<@1198187445859139595>"
        },
        {
          "inline": true,
          "name": "Reaction",
          "value": "<a:verified:1288399552805863465>"
        },
        {
          "inline": true,
          "name": "Message",
          "value": "[Jump to message](https://discord.com/channels/1378649614424477786/1378692604656619591/1379182771272155197)"
        },
        {
          "inline": true,
          "name": "Channel",
          "value": "<#1378692604656619591>"
        }
      ],
      "flags": 0,
      "color": 0,
      "timestamp": "2025-06-02T19:40:03.124094+00:00",
      "type": "rich",
      "title": "Reaction Added"
    },
    "message_id": 1379182798866223306
  }
]