[
  {
    "timestamp": "2025-08-15T13:21:29.173323",
    "category": "member_moderation",
    "guild_id": 1393275148664180866,
    "channel_id": null,
    "author_id": 1281569612655366154,
    "embed_data": {
      "footer": {
        "text": "User ID: 1281569612655366154"
      },
      "author": {
        "name": "Hacked by null",
        "icon_url": "https://cdn.discordapp.com/avatars/1281569612655366154/2ea00e3b143b5e9971acb474de521ac3.png?size=1024"
      },
      "fields": [
        {
          "inline": true,
          "name": "User",
          "value": "<@1281569612655366154>"
        },
        {
          "inline": false,
          "name": "Roles Added",
          "value": "<@&1404315299137847319>"
        },
        {
          "inline": false,
          "name": "Roles Removed",
          "value": "<@&1404315286190030868>"
        }
      ],
      "flags": 0,
      "color": 0,
      "timestamp": "2025-08-15T13:21:28.935976+00:00",
      "type": "rich",
      "title": "Member Roles Updated"
    },
    "message_id": 1405904231004635136
  }
]