[
  {
    "timestamp": "2025-08-19T05:13:20.585713",
    "category": "member_moderation",
    "guild_id": 1393275148664180866,
    "channel_id": null,
    "author_id": 1068176714573811765,
    "embed_data": {
      "footer": {
        "text": "User ID: 1068176714573811765"
      },
      "author": {
        "name": "Hexa",
        "icon_url": "https://cdn.discordapp.com/avatars/1068176714573811765/622cdb0bcce0f7ea471deae00b9c7611.png?size=1024"
      },
      "fields": [
        {
          "inline": true,
          "name": "User",
          "value": "<@1068176714573811765>"
        },
        {
          "inline": false,
          "name": "Roles Added",
          "value": "<@&1404315286190030868>"
        }
      ],
      "flags": 0,
      "color": 0,
      "timestamp": "2025-08-19T05:13:20.480582+00:00",
      "type": "rich",
      "title": "Member Roles Updated"
    },
    "message_id": 1407230937321701387
  }
]