[
  {
    "timestamp": "2025-08-22T05:10:47.058329",
    "category": "member_moderation",
    "guild_id": 1393275148664180866,
    "channel_id": null,
    "author_id": 1373614289536946196,
    "embed_data": {
      "footer": {
        "text": "User ID: 1373614289536946196"
      },
      "author": {
        "name": "651854",
        "icon_url": "https://cdn.discordapp.com/embed/avatars/3.png"
      },
      "fields": [
        {
          "inline": true,
          "name": "User",
          "value": "<@1373614289536946196>"
        },
        {
          "inline": false,
          "name": "Roles Added",
          "value": "<@&1404315286190030868>"
        }
      ],
      "flags": 0,
      "color": 0,
      "timestamp": "2025-08-22T05:10:46.919537+00:00",
      "type": "rich",
      "title": "Member Roles Updated"
    },
    "message_id": 1408317456510095405
  }
]