[
  {
    "timestamp": "2025-08-13T16:36:09.049676",
    "category": "member_moderation",
    "guild_id": 1393275148664180866,
    "channel_id": null,
    "author_id": 1139926248181747782,
    "embed_data": {
      "footer": {
        "text": "User ID: 1139926248181747782"
      },
      "author": {
        "name": "._.sifan",
        "icon_url": "https://cdn.discordapp.com/avatars/1139926248181747782/f21af55a2c79f3ab83dfbdc507544cbc.png?size=1024"
      },
      "fields": [
        {
          "inline": true,
          "name": "User",
          "value": "<@1139926248181747782>"
        },
        {
          "inline": false,
          "name": "Roles Added",
          "value": "<@&1404315295983865856>, <@&1404315296793231500>, <@&1404315299137847319>, <@&1404315292456189992>, <@&1404315298500317245>"
        }
      ],
      "flags": 0,
      "color": 0,
      "timestamp": "2025-08-13T16:36:08.918467+00:00",
      "type": "rich",
      "title": "Member Roles Updated"
    },
    "message_id": 1405228444387643564
  }
]