[
  {
    "timestamp": "2025-08-21T04:42:20.837759",
    "category": "join_leave_events",
    "guild_id": 1405588951565336606,
    "channel_id": null,
    "author_id": 1354081814737850388,
    "embed_data": {
      "footer": {
        "text": "User ID: 1354081814737850388"
      },
      "thumbnail": {
        "url": "https://cdn.discordapp.com/avatars/1354081814737850388/4af4873dbb6f2db40d537c792c167ab3.png?size=1024"
      },
      "author": {
        "name": "Offline For Some Days",
        "icon_url": "https://cdn.discordapp.com/avatars/1354081814737850388/4af4873dbb6f2db40d537c792c167ab3.png?size=1024"
      },
      "fields": [
        {
          "inline": true,
          "name": "User",
          "value": "<@1354081814737850388>"
        },
        {
          "inline": true,
          "name": "Account Created",
          "value": "<t:1742908662:R>"
        },
        {
          "inline": true,
          "name": "Member Count",
          "value": "144"
        }
      ],
      "flags": 0,
      "color": 0,
      "timestamp": "2025-08-21T04:42:20.683189+00:00",
      "type": "rich",
      "title": "Member Joined"
    },
    "message_id": 1407947912234926142
  }
]