[
  {
    "timestamp": "2025-08-22T05:26:24.143592",
    "category": "join_leave_events",
    "guild_id": 1405588951565336606,
    "channel_id": null,
    "author_id": 852810377430827068,
    "embed_data": {
      "footer": {
        "text": "User ID: 852810377430827068"
      },
      "thumbnail": {
        "url": "https://cdn.discordapp.com/avatars/852810377430827068/7464baf713ae0d2eb8be76122860fd27.png?size=1024"
      },
      "author": {
        "name": "3la",
        "icon_url": "https://cdn.discordapp.com/avatars/852810377430827068/7464baf713ae0d2eb8be76122860fd27.png?size=1024"
      },
      "fields": [
        {
          "inline": true,
          "name": "User",
          "value": "<@852810377430827068>"
        },
        {
          "inline": true,
          "name": "Account Created",
          "value": "<t:1623396238:R>"
        },
        {
          "inline": true,
          "name": "Member Count",
          "value": "146"
        }
      ],
      "flags": 0,
      "color": 0,
      "timestamp": "2025-08-22T05:26:24.012022+00:00",
      "type": "rich",
      "title": "Member Joined"
    },
    "message_id": 1408321387377983578
  }
]