[
  {
    "timestamp": "2025-08-27T01:58:09.772716",
    "category": "member_moderation",
    "guild_id": 1405588951565336606,
    "channel_id": null,
    "author_id": 1318902799030943755,
    "embed_data": {
      "footer": {
        "text": "User ID: 1318902799030943755"
      },
      "author": {
        "name": "DevilousVoidYT",
        "icon_url": "https://cdn.discordapp.com/avatars/1318902799030943755/72321c52845c4c0ae758c96bcbde5cde.png?size=1024"
      },
      "fields": [
        {
          "inline": true,
          "name": "User",
          "value": "<@1318902799030943755>"
        },
        {
          "inline": false,
          "name": "Roles Added",
          "value": "<@&1406624107637768263>"
        }
      ],
      "flags": 0,
      "color": 0,
      "timestamp": "2025-08-27T01:58:09.557861+00:00",
      "type": "rich",
      "title": "Member Roles Updated"
    },
    "message_id": 1410080921150820487
  }
]