[
  {
    "timestamp": "2025-08-27T01:39:31.926627",
    "category": "join_leave_events",
    "guild_id": 1405588951565336606,
    "channel_id": null,
    "author_id": 1318902799030943755,
    "embed_data": {
      "footer": {
        "text": "User ID: 1318902799030943755"
      },
      "thumbnail": {
        "url": "https://cdn.discordapp.com/avatars/1318902799030943755/72321c52845c4c0ae758c96bcbde5cde.png?size=1024"
      },
      "author": {
        "name": "DevilousVoidYT",
        "icon_url": "https://cdn.discordapp.com/avatars/1318902799030943755/72321c52845c4c0ae758c96bcbde5cde.png?size=1024"
      },
      "fields": [
        {
          "inline": true,
          "name": "User",
          "value": "<@1318902799030943755>"
        },
        {
          "inline": true,
          "name": "Account Created",
          "value": "<t:1734521331:R>"
        },
        {
          "inline": true,
          "name": "Member Count",
          "value": "137"
        }
      ],
      "flags": 0,
      "color": 0,
      "timestamp": "2025-08-27T01:39:31.653419+00:00",
      "type": "rich",
      "title": "Member Joined"
    },
    "message_id": 1410076232292503563
  }
]