[
  {
    "timestamp": "2025-08-23T03:05:38.544944",
    "category": "join_leave_events",
    "guild_id": 1405588951565336606,
    "channel_id": null,
    "author_id": 794083452722085889,
    "embed_data": {
      "footer": {
        "text": "User ID: 794083452722085889"
      },
      "thumbnail": {
        "url": "https://cdn.discordapp.com/avatars/794083452722085889/ea21edcff033f3d0aace255131b9da66.png?size=1024"
      },
      "author": {
        "name": "_ITS_JSR_XD",
        "icon_url": "https://cdn.discordapp.com/avatars/794083452722085889/ea21edcff033f3d0aace255131b9da66.png?size=1024"
      },
      "fields": [
        {
          "inline": true,
          "name": "User",
          "value": "<@794083452722085889> (its_jsr_xd1239)"
        },
        {
          "inline": true,
          "name": "Joined",
          "value": "<t:1755435498:R>"
        },
        {
          "inline": true,
          "name": "Member Count",
          "value": "145"
        }
      ],
      "flags": 0,
      "color": 0,
      "timestamp": "2025-08-23T03:05:38.399639+00:00",
      "type": "rich",
      "title": "Member Left"
    },
    "message_id": 1408648351792234506
  }
]