[
  {
    "timestamp": "2025-08-20T03:47:23.857666",
    "category": "join_leave_events",
    "guild_id": 1405588951565336606,
    "channel_id": null,
    "author_id": 1335186095041679430,
    "embed_data": {
      "footer": {
        "text": "User ID: 1335186095041679430"
      },
      "thumbnail": {
        "url": "https://cdn.discordapp.com/avatars/1335186095041679430/c91fe3bf78543e2b08fd215bce1e495f.png?size=1024"
      },
      "author": {
        "name": "Tori\ud83d\udcab",
        "icon_url": "https://cdn.discordapp.com/avatars/1335186095041679430/c91fe3bf78543e2b08fd215bce1e495f.png?size=1024"
      },
      "fields": [
        {
          "inline": true,
          "name": "User",
          "value": "<@1335186095041679430> (tori_70014)"
        },
        {
          "inline": true,
          "name": "Joined",
          "value": "<t:1755415361:R>"
        },
        {
          "inline": true,
          "name": "Member Count",
          "value": "139"
        }
      ],
      "flags": 0,
      "color": 0,
      "timestamp": "2025-08-20T03:47:23.731240+00:00",
      "type": "rich",
      "title": "Member Left"
    },
    "message_id": 1407571696327856178
  }
]