[
  {
    "timestamp": "2025-08-17T03:18:12.718134",
    "category": "member_moderation",
    "guild_id": 1405588951565336606,
    "channel_id": null,
    "author_id": 1250476944554725437,
    "embed_data": {
      "footer": {
        "text": "User ID: 1250476944554725437"
      },
      "author": {
        "name": "!                       Crk",
        "icon_url": "https://cdn.discordapp.com/avatars/1250476944554725437/b4ad56c108e01afa64cecda49dc771c1.png?size=1024"
      },
      "fields": [
        {
          "inline": true,
          "name": "User",
          "value": "<@1250476944554725437>"
        },
        {
          "inline": false,
          "name": "Roles Added",
          "value": "<@&1405981802996437092>"
        }
      ],
      "flags": 0,
      "color": 0,
      "timestamp": "2025-08-17T03:18:12.487817+00:00",
      "type": "rich",
      "title": "Member Roles Updated"
    },
    "message_id": 1406477187640459285
  }
]