[
  {
    "timestamp": "2025-08-16T05:56:36.746569",
    "category": "member_moderation",
    "guild_id": 1405588951565336606,
    "channel_id": null,
    "author_id": 1387495824195321938,
    "embed_data": {
      "footer": {
        "text": "User ID: 1387495824195321938"
      },
      "author": {
        "name": "ZyronBot",
        "icon_url": "https://cdn.discordapp.com/avatars/1387495824195321938/46e615aec754c31c2f3fcde4fd9a4c20.png?size=1024"
      },
      "fields": [
        {
          "inline": true,
          "name": "User",
          "value": "<@1387495824195321938>"
        },
        {
          "inline": false,
          "name": "Roles Added",
          "value": "<@&1406154661542760668>"
        }
      ],
      "flags": 0,
      "color": 0,
      "timestamp": "2025-08-16T05:56:36.563021+00:00",
      "type": "rich",
      "title": "Member Roles Updated"
    },
    "message_id": 1406154662205456445
  }
]