[
  {
    "timestamp": "2025-08-24T05:20:38.493580",
    "category": "join_leave_events",
    "guild_id": 1405588951565336606,
    "channel_id": null,
    "author_id": 967021011155439646,
    "embed_data": {
      "footer": {
        "text": "User ID: 967021011155439646"
      },
      "thumbnail": {
        "url": "https://cdn.discordapp.com/avatars/967021011155439646/4fbeeb6640463c31b1b22889d82f09d9.png?size=1024"
      },
      "author": {
        "name": "\ud835\udd38\ud835\udd5d\ud835\udd5e\ud835\udd5a\ud835\udd65\ud835\udd56 \ud835\udd42\ud835\udd42  \ud835\udd69",
        "icon_url": "https://cdn.discordapp.com/avatars/967021011155439646/4fbeeb6640463c31b1b22889d82f09d9.png?size=1024"
      },
      "fields": [
        {
          "inline": true,
          "name": "User",
          "value": "<@967021011155439646> (_almitekk_123)"
        },
        {
          "inline": true,
          "name": "Joined",
          "value": "<t:1755435166:R>"
        },
        {
          "inline": true,
          "name": "Member Count",
          "value": "142"
        }
      ],
      "flags": 0,
      "color": 0,
      "timestamp": "2025-08-24T05:20:38.265795+00:00",
      "type": "rich",
      "title": "Member Left"
    },
    "message_id": 1409044712886898728
  }
]