[
  {
    "timestamp": "2025-08-17T00:04:43.632751",
    "category": "join_leave_events",
    "guild_id": 1405588951565336606,
    "channel_id": null,
    "author_id": 1236308608476516425,
    "embed_data": {
      "footer": {
        "text": "User ID: 1236308608476516425"
      },
      "thumbnail": {
        "url": "https://cdn.discordapp.com/avatars/1236308608476516425/23bb3be412028b94ff286b58bbd67652.png?size=1024"
      },
      "author": {
        "name": "El_Matadoro 2",
        "icon_url": "https://cdn.discordapp.com/avatars/1236308608476516425/23bb3be412028b94ff286b58bbd67652.png?size=1024"
      },
      "fields": [
        {
          "inline": true,
          "name": "User",
          "value": "<@1236308608476516425>"
        },
        {
          "inline": true,
          "name": "Account Created",
          "value": "<t:1714829341:R>"
        },
        {
          "inline": true,
          "name": "Member Count",
          "value": "70"
        }
      ],
      "flags": 0,
      "color": 0,
      "timestamp": "2025-08-17T00:04:43.383117+00:00",
      "type": "rich",
      "title": "Member Joined"
    },
    "message_id": 1406428495487172641
  }
]