[
  {
    "timestamp": "2025-08-25T09:17:29.461642",
    "category": "join_leave_events",
    "guild_id": 1405588951565336606,
    "channel_id": null,
    "author_id": 1402625515394695168,
    "embed_data": {
      "footer": {
        "text": "User ID: 1402625515394695168"
      },
      "thumbnail": {
        "url": "https://cdn.discordapp.com/avatars/1402625515394695168/cfea4db4934e44e43a1b07eab7a7226f.png?size=1024"
      },
      "author": {
        "name": "PappeToonz",
        "icon_url": "https://cdn.discordapp.com/avatars/1402625515394695168/cfea4db4934e44e43a1b07eab7a7226f.png?size=1024"
      },
      "fields": [
        {
          "inline": true,
          "name": "User",
          "value": "<@1402625515394695168> (me_hu_pappe)"
        },
        {
          "inline": true,
          "name": "Joined",
          "value": "<t:1755357585:R>"
        },
        {
          "inline": true,
          "name": "Member Count",
          "value": "136"
        }
      ],
      "flags": 0,
      "color": 0,
      "timestamp": "2025-08-25T09:17:29.158251+00:00",
      "type": "rich",
      "title": "Member Left"
    },
    "message_id": 1409466705713041462
  }
]