[
  {
    "timestamp": "2025-08-22T01:05:53.023355",
    "category": "member_moderation",
    "guild_id": 1405588951565336606,
    "channel_id": null,
    "author_id": 1232287691182178314,
    "embed_data": {
      "footer": {
        "text": "User ID: 1232287691182178314"
      },
      "author": {
        "name": "Faii",
        "icon_url": "https://cdn.discordapp.com/avatars/1232287691182178314/04faf663744e6d58a3d91126f6b9cc35.png?size=1024"
      },
      "fields": [
        {
          "inline": true,
          "name": "User",
          "value": "<@1232287691182178314>"
        },
        {
          "inline": false,
          "name": "Roles Added",
          "value": "<@&1406624107637768263>"
        }
      ],
      "flags": 0,
      "color": 0,
      "timestamp": "2025-08-22T01:05:52.752432+00:00",
      "type": "rich",
      "title": "Member Roles Updated"
    },
    "message_id": 1408255825075638488
  }
]