{
  "1372373817825169469": {
    "enabled": true,
    "review_channel_id": 1372374969891291156,
    "staff_role_id": 1372374963612287097,
    "ping_role_id": 1372374965495533621,
    "auto_approve": false,
    "require_reactions": 2,
    "questions": [
      "Baksk",
      "skkskwoso",
      "what'd ur slapodpd",
      "allwpsls",
      "jeiei"
    ],
    "last_updated": "2025-06-09T05:12:59.712015"
  },
  "1333711896146214923": {
    "enabled": true,
    "review_channel_id": 1390614682842304563,
    "staff_role_id": 1333720345718554668,
    "ping_role_id": 1333719501451034625,
    "auto_approve": false,
    "require_reactions": 2,
    "questions": [
      "Name: [Your Name/Username]",
      "Age: [Your Age]",
      "Gender: [Your Gender]",
      "Country: [Your Country]",
      "Hours active on Discord: [Your Hours]",
      "What will you do after becoming staff? [Your Plans]"
    ],
    "last_updated": "2025-07-13T10:59:24.274760"
  },
  "1393275148664180866": {
    "enabled": false,
    "review_channel_id": 1393275759514091631,
    "staff_role_id": 1393275620426911796,
    "ping_role_id": 1393275635501367508,
    "auto_approve": false,
    "require_reactions": 2,
    "questions": [
      "1 Discord Username (e.g., user#0001):\n\n2 User ID (optional):\n\n3 Age:\n\n4 Timezone:\n\n5 Country:\n\n6 How many hours can you moderate each day?\n\n7 Are you active during peak hours?\n\n8 What roles did you have (Mod, Admin, Support, etc.)?\n\n9 A user is spamming inappropriate content. What do you do?\n\n10 A member reports another for harassment. How would you handle it?\n\n11 Two staff members are arguing in staff chat. How do you respond?\n\n12 Why do you want to be a staff  member on this server?\n\n13 What do you bring to the team that others might not?\n\n14 Do you have a mic? Are you comfortable speaking in VC?\n\n15 Anything else you’d like us to know?"
    ],
    "last_updated": "2025-07-25T03:10:36.149144"
  }
}